{"1": {
 "calculator": "unknown",
 "calculator_parameters": {},
 "cell": {"__ndarray__": [[3, 3], "float64", [0.0, 0.0, 0.0, 0.0, 0.0, 0.0, 0.0, 0.0, 0.0]]},
 "ctime": 23.51174391278382,
 "dipole": {"__ndarray__": [[3], "float64", [2.0774502909840034, -0.21154508980657286, -0.026189581825292907]]},
 "energy": -52533.67357086978,
 "forces": {"__ndarray__": [[63, 3], "float64", [3.5995446963336455e-07, 9.513082411738919e-06, -5.296472910319507e-05, -4.936518440686142e-06, 9.153127942105556e-06, -6.186074670984822e-05, -2.468259220343071e-06, 6.016381849586236e-06, -4.4274399764903835e-05, -4.370875702690855e-06, 5.605005312862391e-06, -2.6585208685778494e-05, -2.36541508616211e-06, 3.0853240254288385e-07, -3.476131735316492e-05, 1.1312854759905741e-06, 5.347894977409988e-06, -1.851194415257303e-05, -2.005460616528745e-06, -1.5169509791691788e-05, -1.0592945820639014e-05, 1.6455061468953808e-06, -6.890556990124407e-06, 1.0747212021910456e-05, 1.6455061468953808e-06, 8.02184246611498e-06, 1.033583548518661e-05, 2.9310578241573966e-06, 2.062024890328274e-05, -1.0541523753548532e-05, 7.404777661029213e-06, 2.8539247235216758e-05, 2.5659611478149845e-05, 1.033583548518661e-05, 4.093196540402259e-05, 2.3345618459078215e-05, 5.142206709048065e-08, -3.9594991659670094e-06, 1.2495562302986798e-05, -3.2395902267002805e-06, -2.699658522250234e-05, -9.101705875015075e-06, 9.255972076286517e-07, -1.3883958114429773e-06, -1.2701250571348719e-05, -9.153127942105556e-06, -8.278952801567383e-06, -1.352400364479641e-05, -2.468259220343071e-06, 2.7767916228859547e-06, -2.463117013634023e-05, -1.5426620127144193e-06, 3.4452784950622034e-06, -4.6279860381432585e-05, -6.170648050857677e-07, 1.3626847778977372e-05, -5.892968888569081e-05, 2.2625709519811483e-06, -2.9824798912478777e-06, 8.536063137019787e-06, -3.2910122937907615e-06, 1.0387257552277091e-05, -6.072946123385764e-05, -2.159726817800187e-06, 4.987940507776623e-06, -3.116177265683127e-05, -6.633446654672004e-06, -2.2728553653992447e-05, -1.43467567182441e-05, -1.5426620127144193e-06, -1.4860977389148906e-05, 2.2831397788173405e-05, 3.90807709887653e-06, 9.050283807924593e-06, 1.2804094705529683e-05, 7.610465929391135e-06, 1.9540385494382647e-05, 3.949214752548913e-05, 8.69032933829123e-06, 3.255016846827425e-05, 2.1083047507097063e-05, 9.307394143376998e-06, 4.149760814201788e-05, 2.463117013634023e-05, 2.211148884890668e-06, 8.433219002838827e-06, 4.370875702690855e-06, -7.918998331934019e-06, -2.0208872366558894e-05, -3.599544696333646e-06, -1.6455061468953808e-06, 2.673947488704994e-06, -2.6173832149054652e-05, -2.056882683619226e-07, -1.028441341809613e-05, 1.7174970408220534e-05, -4.01092123305749e-06, -6.119225983767196e-06, 4.73083017232422e-06, -2.7767916228859547e-06, 3.9594991659670094e-06, -3.738384277477943e-05, -8.741751405381709e-07, 5.142206709048065e-08, -1.9283275158930246e-05, -2.8796357570669164e-06, -6.582024587581523e-06, -6.2220701179481585e-06, -2.7767916228859547e-06, -4.165187434328932e-06, -5.964959782495755e-06, -1.5426620127144193e-07, -1.3009782973891602e-05, 7.610465929391135e-06, -1.9026164823477838e-06, -4.370875702690855e-06, -2.2625709519811486e-05, -5.142206709048065e-08, 3.0853240254288385e-06, -4.1806140544560764e-05, -2.468259220343071e-06, 8.74175140538171e-06, -5.178202156011401e-05, 2.36541508616211e-06, -8.638907271200748e-06, 1.285551677262016e-05, -3.4452784950622034e-06, -2.1854378513454275e-05, 1.5169509791691788e-05, -1.6455061468953808e-06, -2.1083047507097063e-05, 3.9080770988765295e-05, 2.9824798912478777e-06, 1.2855516772620163e-06, 4.27831598192799e-05, 2.673947488704994e-06, 5.039362574867104e-06, 2.4682592203430708e-05, 6.479180453400561e-06, -1.3883958114429773e-06, 5.790124754388121e-05, 8.793173472472191e-06, 2.2779975721082926e-05, 6.48432266010961e-05, -2.7253695557954745e-06, -3.5944024896245974e-05, 4.8748119601775655e-05, -2.7767916228859547e-06, -1.192991956499151e-05, 8.278952801567383e-06, -2.468259220343071e-06, 7.250511459757772e-06, -4.8336743065051804e-05, -1.9026164823477838e-06, -2.8282136899764357e-06, -1.7689191079125344e-05, -4.987940507776623e-06, 9.204550009196035e-06, -5.7181338604614474e-05, -2.7767916228859547e-06, 1.3626847778977372e-05, -6.72086416872582e-05, -2.7767916228859547e-06, -1.835767795130159e-05, 2.216291091599716e-05, -5.810693581224313e-06, -3.645824556715078e-05, 1.2392718168805835e-05, -6.170648050857677e-07, -2.1031625440006584e-05, 4.319453635600374e-05, 6.3763363192196e-06, 9.66734861301036e-06, 4.4120133563632394e-05, 4.473719836871816e-06, -4.83367430650518e-06, 7.245369253048723e-05, 2.8282136899764357e-06, -5.759271514133833e-06, 5.6101475195714386e-05, 1.1107166491543819e-05, 2.4939702538883116e-05, 6.833992716324878e-05, -2.673947488704994e-06, -3.50698497557078e-05, 4.535426317380393e-05, 5.142206709048064e-07, 5.142206709048064e-07, 1.2392718168805835e-05]]},
 "mtime": 23.51174391278382,
 "numbers": {"__ndarray__": [[63], "int64", [6, 7, 6, 6, 7, 6, 6, 6, 6, 8, 6, 8, 8, 8, 7, 6, 7, 6, 8, 7, 1, 1, 1, 1, 1, 1, 1, 1, 1, 1, 1, 1, 1, 6, 6, 7, 6, 8, 7, 6, 7, 6, 6, 6, 6, 8, 6, 8, 8, 8, 1, 1, 1, 1, 1, 1, 1, 1, 1, 1, 1, 1, 1]]},
 "pbc": {"__ndarray__": [[3], "bool", [false, false, false]]},
 "positions": {"__ndarray__": [[63, 3], "float64", [-5.159977, 2.516666, 0.133852, -4.113183, 3.258841, 0.345209, -3.037576, 2.405285, 0.167335, -3.473758, 1.125424, -0.164452, -4.848923, 1.198584, -0.201333, -5.818339, 0.119499, -0.282983, -5.746295, -0.788737, -1.562729, -5.913273, -2.199894, -0.95125, -5.218034, -2.029451, 0.398019, -5.714529, -0.747322, 0.841545, -5.49521, -3.09227, 1.440673, -4.808833, -2.875751, 2.664797, -7.283087, -2.563709, -0.809042, -4.593496, -0.652968, -2.350847, -2.723839, 0.028285, -0.42038, -1.418458, 0.243806, -0.323336, -0.893246, 1.460322, 0.012275, -1.631822, 2.634349, 0.276763, -1.03735, 3.675308, 0.559647, -0.550294, -0.761269, -0.546263, -6.188644, 2.841834, 0.195214, -6.791883, 0.609571, -0.225294, -6.590866, -0.574411, -2.217832, -5.4598, -2.951742, -1.595406, -4.134109, -1.948416, 0.238565, -5.235465, -4.067994, 1.005696, -6.552996, -3.117741, 1.699641, -3.8682, -2.74929, 2.489783, -7.678851, -2.03632, -0.102248, -3.793702, -0.641153, -1.788678, 0.132607, 1.566721, 0.05718, -0.926051, -1.636427, -0.868377, 0.460537, -0.615872, -0.566129, 3.97557, 3.169827, 0.58459, 4.740912, 2.100805, 0.274443, 4.181294, 0.915202, -0.12108, 2.760376, 0.786307, -0.196588, 2.283217, -0.290565, -0.562398, 2.003067, 1.857479, 0.122399, 2.551214, 3.015029, 0.503081, 1.734517, 4.025746, 0.802676, 4.953322, -0.273492, -0.382362, 6.344241, -0.189629, -1.020354, 6.750765, -1.671278, -0.882982, 6.132517, -2.04416, 0.5057, 5.225155, -0.96946, 0.840521, 5.43299, -3.398416, 0.544527, 5.012891, -3.758651, 1.85026, 6.321147, -2.475472, -1.969814, 7.249551, 0.647296, -0.309074, 4.42877, 4.106514, 0.880102, 5.819549, 2.128514, 0.289346, 0.712703, 3.919834, 0.725059, 2.108892, 4.914594, 1.088888, 4.303038, -0.88423, -1.014544, 6.345064, 0.148683, -2.054733, 7.835477, -1.763853, -0.878613, 6.911491, -2.034231, 1.276445, 6.093118, -4.156888, 0.106944, 4.51806, -3.367023, -0.050005, 5.781537, -3.978219, 2.390195, 5.361053, -2.44783, -2.068105, 7.270592, 0.365368, 0.615948]]},
 "unique_id": "492a574999a8dc2c19e2e5cbfbe3b7f2",
 "user": "hwang"},
"ids": [1],
"nextid": 2}
